{
  "Free Fire (iOS)": {
    "Flourite": {
      "1day": [],
      "7days": [],
      "30days": []
    },
    "BRMODS": {
      "1day": [],
      "7days": [],
      "30days": []
    },
    "DRIP MOBILE": {
      "1day": [],
      "7days": [],
      "30days": []
    }
  },
  "Gbox": {
    "Flourite": {
      "1day": [],
      "7days": [],
      "30days": []
    },
    "BRMODS": {
      "1day": [],
      "7days": [],
      "30days": []
    },
    "DRIP MOBILE": {
      "1day": [],
      "7days": [],
      "30days": []
    }
  },
  "COD (iOS)": {
    "Flourite": {
      "1day": [],
      "7days": [],
      "30days": []
    },
    "BRMODS": {
      "1day": [],
      "7days": [],
      "30days": []
    },
    "DRIP MOBILE": {
      "1day": [],
      "7days": [],
      "30days": []
    }
  }
}
